{
  "id": "2594784",
  "name": "tabber",
  "font_family": "iconfont",
  "css_prefix_text": "icon-",
  "description": "",
  "glyphs": [
    {
      "icon_id": "109718",
      "name": "app",
      "font_class": "app",
      "unicode": "e605",
      "unicode_decimal": 58885
    },
    {
      "icon_id": "109723",
      "name": "cart",
      "font_class": "cart",
      "unicode": "e60a",
      "unicode_decimal": 58890
    },
    {
      "icon_id": "109751",
      "name": "home",
      "font_class": "home",
      "unicode": "e626",
      "unicode_decimal": 58918
    },
    {
      "icon_id": "109766",
      "name": "my",
      "font_class": "my",
      "unicode": "e635",
      "unicode_decimal": 58933
    }
  ]
}
